seed,Selected RC2O,Best replay
0,0.283,0.2666
1,0.34415,0.27875
2,0.35845,0.2999
3,0.3036,0.2729
4,0.2853,0.2799
