seed,host_probe_acc
0,0.213515625
1,0.2207421875
2,0.2471875
3,0.225234375
4,0.1565234375
